"model","k","lik","aic","daic"
"PT-45%-Fixed-Prey1",116,-1220.72857263858,-2209.45714527716,0
"PT-45%",87,-1184.33625551637,-2194.67251103274,14.7846342444186
"PT-50%",87,-1183.61992438783,-2193.23984877566,16.2172965014984
"PT-40%",87,-1182.84340947746,-2191.68681895492,17.7703263222352
"PT-37%",87,-1180.72880652263,-2187.45761304525,21.9995322319051
