"model","k","lik","aic","daic"
"PT-45%-Fixed-Prey1",164,-1402.81752504767,-2477.63505009533,0
"PT-50%",123,-1342.17504430352,-2438.35008860704,39.2849614882966
"PT-45%",123,-1341.63475347366,-2437.26950694733,40.3655431480051
"PT-40%",123,-1339.01834563373,-2432.03669126746,45.598358827875
"PT-37%",123,-1336.2347745023,-2426.4695490046,51.1655010907284
