"model","k","lik","aic","daic"
"PT-45%-Fixed-SST",192,-2125.3853705425,-3866.77074108501,0
"PT-45%-Random-SST",146,-2053.18112161937,-3814.36224323875,52.4084978462615
"PT-45%-Fixed-Prey1",192,-2091.83475545585,-3799.6695109117,67.1012301733099
"PT-45%-Random-Prey1",146,-2031.6015039549,-3771.20300790981,95.5677331751976
"PT-45%",144,-2029.12436120488,-3770.24872240976,96.5220186752504
"PT-40%",144,-2028.23468109784,-3768.46936219567,98.3013788893331
"PT-50%",144,-2026.00541686773,-3764.01083373546,102.759907349546
"PT-37%",144,-2025.85573703746,-3763.71147407491,103.059267010095
